student_id,topic,score,confidence,fatigue,engagement,time_spent,attempts,name,archetype,year,branch
1,ai_ml,0.4899,0.5191666666666667,0.3358333333333334,0.6892666666666667,58.653333333333336,2.333333333333333,Mary Hopkins,average,2,IT
1,data_structures,0.6192000000000001,0.6083,0.3472333333333333,0.6169666666666667,57.63666666666666,3.333333333333333,Mrs. Shannon Knapp,average,3,CSE
1,databases,0.602,0.5642666666666667,0.3714,0.6259666666666667,53.223333333333336,2.0,Mark Williams,average,1,ECE
1,linear_algebra,0.6927,0.5072,0.3484666666666667,0.6766333333333333,45.446666666666665,2.0,Carrie Obrien,average,1,ECE
1,networking,0.5504,0.5059,0.3802666666666667,0.6589666666666666,40.85333333333333,2.333333333333333,Alec Preston,average,1,CSE
1,os_concepts,0.6342333333333333,0.5273,0.3816333333333333,0.5750666666666667,58.28,3.6666666666666665,Suzanne Buchanan,average,1,EEE
1,probability,0.5178333333333334,0.5683666666666667,0.4100666666666666,0.5748333333333333,55.60666666666666,1.3333333333333333,Melissa Reynolds,average,1,EEE
1,python_basics,0.6174666666666666,0.4158666666666666,0.3172333333333333,0.6676333333333333,51.32,2.6666666666666665,Rebecca Sherman,average,2,CSE
2,ai_ml,0.3079666666666666,0.311,0.5937666666666667,0.4293666666666667,66.92333333333333,2.0,Alexandra Garza,weak,1,IT
2,data_structures,0.3900666666666666,0.3185,0.7109,0.3179,61.47666666666667,4.0,Lauren Ochoa,weak,1,IT
2,databases,0.4550666666666667,0.3455333333333333,0.6581666666666667,0.3661,45.49,3.333333333333333,Melanie Gates,weak,4,IT
2,linear_algebra,0.5150666666666667,0.4034,0.5464,0.4464333333333333,54.17,2.6666666666666665,Mark Christensen,weak,4,ECE
2,networking,0.5490666666666667,0.2408666666666666,0.7622,0.1990333333333333,50.623333333333335,3.0,Charles Ferrell,weak,1,CSE
2,os_concepts,0.5125666666666667,0.3686333333333333,0.6228666666666667,0.3442333333333333,46.70333333333334,2.333333333333333,Betty Schwartz,weak,4,EEE
2,probability,0.4676,0.3250666666666666,0.6528666666666667,0.3646333333333333,57.25,4.0,Sarah Morgan,weak,3,IT
2,python_basics,0.4725333333333333,0.2774666666666667,0.5918333333333333,0.3973333333333333,50.370000000000005,3.0,Cody Osborne,weak,2,EEE
3,ai_ml,0.6077666666666667,0.6335000000000001,0.4714,0.5096333333333333,58.13666666666666,2.333333333333333,Natalie Booker,average,4,CSE
3,data_structures,0.5802999999999999,0.4925666666666666,0.3940333333333333,0.6296,52.5,1.6666666666666667,Randy Wilson,average,2,IT
3,databases,0.6213000000000001,0.5444666666666667,0.3394,0.7124,52.59666666666667,1.6666666666666667,Mr. John Delacruz,average,1,IT
3,linear_algebra,0.5923333333333334,0.4874666666666667,0.4479666666666667,0.5591333333333334,53.82666666666668,3.0,Anthony Williams,average,4,EEE
3,networking,0.6571333333333333,0.6064333333333334,0.4786666666666666,0.5101333333333333,53.99666666666667,2.0,Jillian Andrade,average,2,IT
3,os_concepts,0.5364666666666666,0.6138333333333333,0.4049,0.6073333333333334,40.28333333333333,2.333333333333333,David Leon,average,2,IT
3,probability,0.6970666666666666,0.5530666666666667,0.4649666666666667,0.5419333333333333,49.88,3.0,Nathaniel Li,average,3,ECE
3,python_basics,0.5262333333333333,0.4689333333333333,0.4549,0.5376333333333333,57.06666666666666,2.6666666666666665,Nicole Chen,average,4,CSE
4,ai_ml,0.3448333333333333,0.2995,0.6256,0.3573666666666666,50.77666666666666,2.6666666666666665,Micheal Escobar,weak,4,EEE
4,data_structures,0.3622,0.2391333333333333,0.7878666666666666,0.2676333333333333,49.60999999999999,3.0,Donald Martinez,weak,3,EEE
4,databases,0.3778333333333333,0.3404666666666667,0.6172,0.3186666666666666,55.153333333333336,2.333333333333333,Eric Watson,weak,3,EEE
4,linear_algebra,0.2889333333333333,0.3944,0.7251,0.2599333333333333,56.04333333333333,2.333333333333333,Anthony Tucker DDS,weak,4,CSE
4,networking,0.4845333333333334,0.3782333333333333,0.6026333333333334,0.4115333333333333,54.74,1.6666666666666667,Amber Maxwell,weak,2,EEE
4,os_concepts,0.5232,0.3140333333333333,0.6913,0.3158,44.96,2.0,Dana Kelly,weak,1,EEE
4,probability,0.3852333333333333,0.3544666666666667,0.5949333333333334,0.3898333333333333,64.12333333333333,2.6666666666666665,Jacqueline Harrell,weak,1,IT
4,python_basics,0.4594333333333333,0.2906333333333333,0.6065333333333334,0.3636999999999999,58.5,3.0,Heather Joseph,weak,2,CSE
5,ai_ml,0.5907666666666667,0.5569333333333334,0.461,0.5483,50.57333333333333,2.333333333333333,James Haynes,average,2,ECE
5,data_structures,0.5548333333333333,0.5533333333333333,0.3435333333333333,0.6232000000000001,40.42,2.0,Kelly Jones,average,3,EEE
5,databases,0.6135333333333334,0.6301666666666667,0.2887666666666666,0.6976666666666667,51.43333333333333,2.333333333333333,Rebecca Pham,average,1,CSE
5,linear_algebra,0.6679333333333334,0.6228666666666667,0.3591666666666667,0.6560666666666667,52.836666666666666,1.6666666666666667,William Wilson,average,1,EEE
5,networking,0.4870666666666667,0.5963666666666666,0.3589333333333333,0.6520666666666667,47.96333333333333,3.0,Keith Williams,average,2,CSE
5,os_concepts,0.5497,0.5707,0.3867666666666666,0.6142,56.60999999999999,2.6666666666666665,Deanna Benjamin,average,2,CSE
5,probability,0.6408,0.4607666666666666,0.3607,0.6705,54.26333333333333,2.6666666666666665,Samuel Smith,average,2,IT
5,python_basics,0.6941666666666667,0.5029333333333333,0.4221999999999999,0.5857333333333333,57.94,3.0,Joshua Barnes,average,4,CSE
6,ai_ml,0.6955333333333332,0.6981333333333333,0.2526333333333333,0.7483333333333334,55.46333333333334,2.0,Mark Martinez,strong,1,ECE
6,data_structures,0.8344666666666667,0.6684666666666667,0.2360999999999999,0.7422666666666666,51.35999999999999,2.333333333333333,Stacy Torres,strong,2,ECE
6,databases,0.856,0.7529,0.2860999999999999,0.7591,54.85999999999999,1.6666666666666667,Kelly Parker,strong,1,IT
6,linear_algebra,0.8044666666666668,0.6478333333333334,0.2213666666666666,0.7859333333333334,50.98333333333333,2.0,Erin Chan,strong,3,IT
6,networking,0.75,0.8925666666666667,0.2828666666666666,0.6735000000000001,50.30666666666667,2.0,Thomas George,strong,4,ECE
6,os_concepts,0.7632,0.7709,0.2194666666666666,0.7549666666666667,50.223333333333336,1.6666666666666667,Lisa Williams,strong,2,ECE
6,probability,0.8220000000000001,0.7145333333333334,0.1623333333333333,0.8213333333333334,41.27333333333333,2.333333333333333,Sarah Norris,strong,4,ECE
6,python_basics,0.8488666666666668,0.8133666666666667,0.2833,0.7073,48.09666666666666,2.6666666666666665,Nicholas Dean,strong,1,IT
7,ai_ml,0.5033333333333333,0.5784,0.4616666666666666,0.5169666666666667,41.406666666666666,3.0,Brianna Flores,average,2,IT
7,data_structures,0.6077333333333333,0.5684,0.3689,0.5836666666666667,59.973333333333336,2.0,Mary Hill,average,2,IT
7,databases,0.5953333333333334,0.6915666666666667,0.4166666666666667,0.5789666666666666,55.11666666666667,2.6666666666666665,Joshua Pacheco,average,3,EEE
7,linear_algebra,0.5477333333333333,0.5179333333333334,0.3630333333333333,0.6502,64.55333333333334,3.333333333333333,Hannah Porter,average,3,IT
7,networking,0.6826333333333333,0.4817333333333333,0.3959999999999999,0.6087333333333333,55.656666666666666,2.6666666666666665,Rebecca Schmidt,average,3,ECE
7,os_concepts,0.5701333333333333,0.5149666666666667,0.4614333333333333,0.5287666666666667,48.13,2.0,Jeremiah Kennedy,average,4,CSE
7,probability,0.6593666666666667,0.6434000000000001,0.4444999999999999,0.5971333333333333,61.336666666666666,2.0,Steven Farmer,average,1,IT
7,python_basics,0.5703,0.6143333333333333,0.4193,0.6427,55.23333333333333,2.333333333333333,Sara Hall,average,2,CSE
8,ai_ml,0.5763666666666666,0.5480666666666667,0.4050666666666667,0.6249333333333333,54.77,2.0,Jacqueline Petersen,average,2,ECE
8,data_structures,0.6671333333333335,0.4871,0.3344666666666667,0.6476999999999999,52.60333333333333,2.333333333333333,Kendra Short,average,4,IT
8,databases,0.6733666666666666,0.5341,0.4826999999999999,0.4597666666666666,56.91333333333333,3.0,Michael Hall,average,1,ECE
8,linear_algebra,0.7323,0.5196333333333333,0.4214,0.6095,61.96,2.0,David Johnson,average,3,CSE
8,networking,0.5344666666666666,0.58,0.4878,0.4797333333333333,52.42,2.0,Jorge Guerrero,average,3,EEE
8,os_concepts,0.7191000000000001,0.5209333333333334,0.4718333333333333,0.5335666666666666,60.69,2.6666666666666665,Michael Green II,average,3,IT
8,probability,0.6264666666666666,0.6104666666666666,0.4604999999999999,0.5410666666666667,51.123333333333335,1.3333333333333333,Danielle Foley,average,1,CSE
8,python_basics,0.5670333333333334,0.6317666666666667,0.4563333333333333,0.5155333333333333,59.32,2.0,Cynthia Brown,average,1,EEE
9,ai_ml,0.5574,0.4815333333333333,0.4175,0.6502,53.120000000000005,3.333333333333333,Cynthia Conrad,average,4,EEE
9,data_structures,0.5098,0.6292333333333333,0.3038,0.7513,50.52666666666667,2.6666666666666665,Jesse Oliver,average,2,EEE
9,databases,0.6352,0.4239666666666666,0.4451666666666667,0.5553333333333333,43.41333333333333,2.333333333333333,Lori Howe,average,1,EEE
9,linear_algebra,0.6546,0.5764,0.4175666666666666,0.6468666666666666,46.96333333333333,2.6666666666666665,Michael Hayes,average,3,EEE
9,networking,0.5917666666666667,0.5784333333333334,0.3430666666666666,0.6768333333333333,52.120000000000005,2.0,Robert Strickland,average,4,EEE
9,os_concepts,0.5741999999999999,0.5118666666666667,0.4338666666666667,0.5737666666666666,65.44666666666667,2.333333333333333,Suzanne Smith,average,2,CSE
9,probability,0.5993666666666667,0.5037333333333334,0.3374999999999999,0.6587333333333333,47.82333333333333,2.6666666666666665,Anna Stevenson,average,2,CSE
9,python_basics,0.5632666666666667,0.5181,0.4069,0.5891000000000001,52.64000000000001,2.6666666666666665,Cynthia Kennedy,average,3,IT
10,ai_ml,0.7568666666666667,0.6972666666666667,0.2938333333333333,0.7419333333333333,45.74666666666667,2.0,Alicia Bell,strong,4,CSE
10,data_structures,0.7268,0.6705666666666666,0.2586333333333333,0.7544333333333334,48.403333333333336,1.6666666666666667,Danielle Hill,strong,2,CSE
10,databases,0.9305,0.7847333333333334,0.204,0.7954666666666667,47.38666666666666,1.3333333333333333,Jeffery Andrews,strong,4,EEE
10,linear_algebra,0.8409999999999999,0.7309666666666667,0.2759666666666667,0.7280333333333333,50.68000000000001,2.333333333333333,Billy Garcia,strong,2,ECE
10,networking,0.7549,0.7222333333333334,0.2171,0.7904666666666667,61.26,2.0,Dr. Mark Wang MD,strong,4,CSE
10,os_concepts,0.8593666666666667,0.7522666666666668,0.2687333333333333,0.8008000000000001,46.38666666666666,2.333333333333333,Edward Reed,strong,4,IT
10,probability,0.7509333333333333,0.7191333333333333,0.1718333333333333,0.8412333333333333,53.26666666666667,2.0,Molly Fox,strong,1,ECE
10,python_basics,0.7916333333333334,0.7558666666666666,0.177,0.8174666666666667,44.02333333333333,2.333333333333333,Joshua Moon,strong,1,IT
11,ai_ml,0.2554666666666667,0.3858666666666666,0.7507666666666667,0.2826333333333333,62.54666666666666,2.333333333333333,Melissa Sloan,weak,1,ECE
11,data_structures,0.5407000000000001,0.4303333333333333,0.6944,0.3503333333333333,53.22666666666667,2.333333333333333,Louis Graves,weak,3,EEE
11,databases,0.5126333333333334,0.2580666666666666,0.6017,0.3558,49.77333333333333,2.6666666666666665,Lisa Gates,weak,2,IT
11,linear_algebra,0.435,0.4953666666666667,0.7161666666666667,0.2332333333333333,61.17666666666667,3.0,Kimberly Durham,weak,2,CSE
11,networking,0.4049999999999999,0.2949666666666666,0.6201333333333333,0.3896,50.77333333333333,3.0,Linda Salas,weak,2,CSE
11,os_concepts,0.4407,0.3782333333333333,0.5963333333333333,0.4016333333333333,60.69,2.0,Taylor Jefferson,weak,4,CSE
11,probability,0.4962333333333333,0.3717333333333333,0.6966,0.2898,47.77333333333333,2.6666666666666665,Leslie Zimmerman,weak,2,EEE
11,python_basics,0.4232,0.3927666666666667,0.6095333333333334,0.4414,52.333333333333336,2.0,Daniel Smith,weak,3,IT
12,ai_ml,0.1828999999999999,0.2919,0.7517,0.2608,61.09333333333333,2.6666666666666665,Karen Gilbert DVM,struggling,3,EEE
12,data_structures,0.3527,0.2395333333333333,0.7510333333333333,0.2830333333333333,62.77,3.6666666666666665,Carla Johnson,struggling,4,ECE
12,databases,0.3518,0.2451666666666666,0.7698666666666667,0.2565333333333333,59.31666666666666,3.0,Anthony Wilson,struggling,2,CSE
12,linear_algebra,0.2991999999999999,0.2583333333333333,0.7711333333333332,0.2256666666666666,47.77,3.0,Cathy Carlson,struggling,4,EEE
12,networking,0.3726,0.2728333333333333,0.6700333333333334,0.3549,55.68666666666667,3.0,John Cruz,struggling,4,IT
12,os_concepts,0.3598333333333333,0.2030999999999999,0.7883333333333334,0.2838,56.13999999999999,2.6666666666666665,Tiffany Pennington,struggling,4,ECE
12,probability,0.2832333333333333,0.3214,0.7341333333333333,0.2113666666666666,61.26666666666667,3.6666666666666665,Cassandra Rogers,struggling,3,CSE
12,python_basics,0.2674,0.2790999999999999,0.7717333333333333,0.2246333333333333,64.33,3.0,Angela Jackson,struggling,1,ECE
13,ai_ml,0.4912333333333333,0.3948333333333333,0.5647333333333333,0.4101333333333333,40.38333333333333,2.0,Diana Griffin,weak,4,ECE
13,data_structures,0.3811,0.3949333333333333,0.5796,0.3847666666666666,59.4,2.6666666666666665,Christopher Fisher,weak,3,EEE
13,databases,0.4466333333333334,0.3396,0.6410666666666667,0.3885333333333333,52.95,2.6666666666666665,Jason Pearson,weak,2,ECE
13,linear_algebra,0.4625333333333333,0.3517666666666667,0.6097666666666667,0.3859999999999999,55.76000000000001,3.0,Andrea Mills,weak,3,CSE
13,networking,0.4959666666666666,0.3922333333333332,0.6864666666666667,0.2733666666666667,56.70666666666667,2.0,Regina Perez,weak,2,ECE
13,os_concepts,0.3911,0.3709666666666666,0.6327,0.3763,56.99,2.0,Emma Williams,weak,4,ECE
13,probability,0.4973333333333333,0.3495,0.7280333333333333,0.3239333333333333,45.836666666666666,2.6666666666666665,Rhonda House,weak,4,IT
13,python_basics,0.3874333333333333,0.3771666666666666,0.6873,0.3014666666666666,50.5,2.6666666666666665,Amanda Simmons,weak,1,ECE
14,ai_ml,0.5904333333333334,0.8630666666666666,0.2675666666666667,0.7247666666666666,54.77666666666667,3.0,Mr. Daniel Sparks,strong,1,IT
14,data_structures,0.7163666666666666,0.7402000000000001,0.3851,0.6159333333333333,48.32,2.0,Tracy Martinez,strong,4,CSE
14,databases,0.7902333333333332,0.7963333333333332,0.3258,0.6425,48.14666666666667,2.0,John Marsh,strong,4,EEE
14,linear_algebra,0.7127666666666667,0.7584666666666666,0.2988333333333333,0.7584333333333332,43.17333333333334,2.0,John Franklin,strong,1,ECE
14,networking,0.6578333333333334,0.7068333333333333,0.2019,0.7664,54.16333333333333,2.333333333333333,Sandra Smith,strong,2,IT
14,os_concepts,0.8114,0.7448,0.2194333333333333,0.8199666666666667,54.52666666666666,2.0,Cassandra Robbins,strong,1,IT
14,probability,0.8286666666666666,0.8158333333333334,0.2506,0.7501333333333333,45.21666666666667,1.6666666666666667,Cynthia Morales,strong,3,EEE
14,python_basics,0.6142,0.7615999999999999,0.2457333333333333,0.7850666666666667,61.196666666666665,2.333333333333333,Eric Diaz,strong,1,ECE
15,ai_ml,0.5585,0.5658,0.4042333333333333,0.6016333333333334,46.76,3.0,Kyle Allen,average,4,ECE
15,data_structures,0.6054666666666667,0.5548000000000001,0.3799666666666666,0.5954666666666667,49.14000000000001,2.6666666666666665,Dylan Cochran,average,1,IT
15,databases,0.4631,0.5315,0.4941666666666666,0.5204333333333334,53.1,2.0,Shannon Young,average,1,CSE
15,linear_algebra,0.6522666666666667,0.4231666666666667,0.3474,0.6187333333333332,59.74333333333333,3.0,Brandi Rodriguez,average,4,ECE
15,networking,0.5524,0.4828333333333334,0.3742,0.6730333333333333,52.95666666666667,2.6666666666666665,Samantha Smith,average,4,EEE
15,os_concepts,0.6224999999999999,0.6205333333333334,0.3417666666666667,0.6622,54.303333333333335,2.333333333333333,Joseph Johnson,average,1,IT
15,probability,0.6145999999999999,0.6280666666666667,0.3846666666666666,0.6119333333333333,52.63,2.0,Tyrone Rodriguez,average,4,CSE
15,python_basics,0.5947666666666667,0.5269,0.3021999999999999,0.6796000000000001,57.56,2.6666666666666665,Daniel Lowe,average,1,IT
16,ai_ml,0.1946666666666666,0.3061,0.6831999999999999,0.3165666666666666,67.11,2.6666666666666665,Andrea Young,struggling,2,ECE
16,data_structures,0.3197333333333333,0.2172666666666667,0.6980000000000001,0.3146333333333333,61.156666666666666,3.333333333333333,Destiny Walker,struggling,1,EEE
16,databases,0.3665,0.2506333333333333,0.6375,0.3855,49.02,3.0,David Carroll,struggling,3,IT
16,linear_algebra,0.2252666666666667,0.2213666666666666,0.7309666666666667,0.3306333333333333,63.696666666666665,2.6666666666666665,Amy Schultz,struggling,4,ECE
16,networking,0.3506,0.1645666666666666,0.7374666666666667,0.2783333333333334,63.89666666666667,3.6666666666666665,Sarah Kent,struggling,1,IT
16,os_concepts,0.1894333333333333,0.1884666666666666,0.8240333333333334,0.1323333333333333,59.63333333333333,3.333333333333333,Patricia Hunt,struggling,1,IT
16,probability,0.2404666666666666,0.3167333333333333,0.7636666666666666,0.2100666666666666,58.79,3.6666666666666665,Lori David,struggling,2,ECE
16,python_basics,0.3277666666666667,0.2075,0.6551,0.3710333333333333,72.34666666666668,3.0,John Wells,struggling,1,EEE
17,ai_ml,0.5549666666666667,0.5386666666666667,0.3258,0.6504333333333333,44.93333333333334,2.0,Lauren Shepard,average,3,EEE
17,data_structures,0.4975666666666667,0.5964999999999999,0.3531666666666666,0.6042,49.97666666666667,3.333333333333333,Cynthia Johnson,average,3,EEE
17,databases,0.5158333333333333,0.5352333333333333,0.3780666666666667,0.5815,63.68333333333334,3.333333333333333,Lisa Nolan,average,4,IT
17,linear_algebra,0.7005666666666667,0.6929333333333334,0.4093,0.5776333333333333,56.45666666666667,3.0,Erin Brown,average,3,ECE
17,networking,0.5656333333333333,0.5665333333333333,0.3678666666666667,0.6068,61.25,2.333333333333333,Chad Archer,average,3,CSE
17,os_concepts,0.5095000000000001,0.4923333333333333,0.4879,0.5350666666666667,59.63333333333333,2.333333333333333,Catherine Ramirez,average,4,EEE
17,probability,0.6817333333333333,0.6532666666666667,0.4067,0.6040666666666666,42.68666666666667,2.0,Jessica Spears,average,4,IT
17,python_basics,0.6361333333333333,0.4897333333333333,0.4799,0.5091666666666667,47.40333333333333,2.6666666666666665,Johnny Jones,average,3,EEE
18,ai_ml,0.3860333333333334,0.4391,0.7169,0.2541333333333333,65.18333333333334,2.6666666666666665,Mark Pena DVM,weak,1,CSE
18,data_structures,0.3476666666666666,0.2964666666666666,0.6327666666666666,0.3256,68.94,3.0,Julie Scott,weak,4,CSE
18,databases,0.4038,0.3036,0.6427666666666666,0.3333,56.71,3.333333333333333,Terry Gray,weak,3,EEE
18,linear_algebra,0.4189333333333334,0.4013,0.6162,0.3533,60.96,2.6666666666666665,Kevin Sellers,weak,4,IT
18,networking,0.4869666666666667,0.3191333333333333,0.6703666666666667,0.3655666666666666,63.97666666666667,2.6666666666666665,Kenneth White,weak,2,IT
18,os_concepts,0.3118666666666667,0.3507666666666666,0.6323666666666666,0.3520666666666667,51.06333333333333,2.6666666666666665,Bobby Burgess,weak,2,IT
18,probability,0.3045,0.3283333333333333,0.6627000000000001,0.3745,68.36,3.6666666666666665,William Leach,weak,4,CSE
18,python_basics,0.3863,0.3463333333333334,0.6469999999999999,0.3819666666666666,55.07333333333333,2.6666666666666665,Abigail White,weak,1,CSE
19,ai_ml,0.5246666666666667,0.4716666666666667,0.4401,0.5259666666666667,55.25,2.0,Kimberly Reid,average,1,EEE
19,data_structures,0.6124666666666667,0.5559333333333333,0.3394,0.6749666666666666,48.07333333333333,3.0,Monica Thompson,average,3,ECE
19,databases,0.6304666666666666,0.6425,0.4133333333333333,0.566,55.89666666666667,2.0,Julie Lopez,average,2,ECE
19,linear_algebra,0.6213333333333333,0.5293666666666667,0.3455333333333333,0.5905333333333334,51.42666666666667,2.0,Angela Sullivan,average,4,ECE
19,networking,0.7040333333333333,0.6104333333333334,0.5176,0.4816333333333333,51.53666666666667,2.333333333333333,Tyler Cooper,average,3,EEE
19,os_concepts,0.6412666666666667,0.5405333333333333,0.4676333333333333,0.5405,52.36333333333334,3.0,Jesse Pearson,average,4,CSE
19,probability,0.6000666666666666,0.5618,0.4221999999999999,0.5876333333333333,62.02,3.0,Laurie Little,average,3,EEE
19,python_basics,0.7226333333333333,0.5625,0.3879999999999999,0.6245666666666666,44.13,2.0,Kevin Oneal,average,4,EEE
20,ai_ml,0.6187333333333334,0.5869666666666666,0.4105333333333333,0.5615666666666667,59.56,2.333333333333333,Danielle Hernandez,average,2,EEE
20,data_structures,0.6607333333333333,0.4384333333333334,0.3710666666666666,0.5889000000000001,52.02333333333333,2.333333333333333,Evelyn Thomas,average,4,ECE
20,databases,0.8011333333333334,0.5335,0.4334666666666666,0.5301333333333332,54.56666666666666,1.6666666666666667,Thomas Harris,average,4,ECE
20,linear_algebra,0.6038,0.5732,0.4259666666666666,0.6095,53.55666666666667,2.0,Tracy Garcia,average,3,IT
20,networking,0.5760666666666667,0.5833333333333334,0.3611666666666666,0.6302333333333333,44.70333333333334,2.0,William Johnson,average,2,EEE
20,os_concepts,0.5579999999999999,0.5335,0.3828666666666667,0.6100666666666666,54.10333333333333,2.333333333333333,Charles Maxwell,average,1,ECE
20,probability,0.6208666666666667,0.5233,0.4191333333333333,0.5544333333333333,48.97,2.6666666666666665,Kimberly Farrell,average,1,EEE
20,python_basics,0.5709666666666666,0.5026,0.3871333333333333,0.5757333333333333,47.196666666666665,2.0,Jennifer George,average,3,CSE
21,ai_ml,0.4530333333333333,0.3551999999999999,0.6026333333333334,0.4068333333333333,51.21333333333334,2.6666666666666665,Edward Mcguire,weak,3,IT
21,data_structures,0.4982999999999999,0.2838666666666666,0.6449666666666666,0.3208333333333333,54.67,2.333333333333333,Julia Cooper,weak,1,EEE
21,databases,0.4233333333333333,0.3291333333333333,0.5673333333333334,0.4531,60.04,3.0,Misty Hill PhD,weak,2,IT
21,linear_algebra,0.3401666666666667,0.3327333333333333,0.6338666666666667,0.4456,42.56666666666667,2.6666666666666665,Lauren Taylor,weak,1,EEE
21,networking,0.3699,0.2702666666666666,0.7066333333333333,0.2951,50.85666666666666,3.0,Stacey Fox,weak,2,CSE
21,os_concepts,0.2604333333333333,0.4042999999999999,0.6953333333333332,0.3254333333333333,63.0,2.6666666666666665,Francisco Carter,weak,2,IT
21,probability,0.3264,0.3965333333333333,0.6102333333333333,0.3764666666666666,57.35666666666666,3.6666666666666665,Aaron Roberts,weak,2,EEE
21,python_basics,0.4683,0.403,0.6853000000000001,0.3329,49.88333333333333,3.0,Melissa Rogers,weak,3,ECE
22,ai_ml,0.8047333333333334,0.7428333333333333,0.1825999999999999,0.8283,41.23666666666667,2.0,David Anderson,strong,3,IT
22,data_structures,0.721,0.7773666666666667,0.285,0.7446666666666667,34.64,2.0,Gabriel Davis,strong,4,CSE
22,databases,0.7132,0.7818999999999999,0.2623333333333333,0.7122666666666667,53.47,2.6666666666666665,Jody Bennett,strong,4,ECE
22,linear_algebra,0.6233,0.7207666666666667,0.2393666666666666,0.7482666666666665,53.06666666666666,2.333333333333333,Richard Johnson,strong,1,IT
22,networking,0.7515333333333333,0.7181666666666667,0.1725,0.7973,43.18666666666667,2.0,Jacqueline Roberts,strong,4,EEE
22,os_concepts,0.7524666666666667,0.8065666666666665,0.256,0.7040666666666667,52.42333333333334,1.0,Ashley Evans,strong,2,EEE
22,probability,0.8324333333333334,0.7688,0.2095666666666666,0.7478333333333333,47.24333333333333,1.3333333333333333,Holly Johnston DDS,strong,4,ECE
22,python_basics,0.8558,0.7938999999999999,0.2299666666666666,0.8030666666666667,41.19,2.333333333333333,Robert Stone,strong,3,EEE
23,ai_ml,0.5637,0.6564333333333333,0.3642666666666667,0.6248666666666667,52.223333333333336,2.6666666666666665,Deborah Thompson,average,2,EEE
23,data_structures,0.6347666666666666,0.5781666666666667,0.4291,0.4997333333333333,46.52666666666667,3.333333333333333,Steven Nguyen,average,1,ECE
23,databases,0.6654666666666667,0.6334666666666666,0.3921666666666666,0.6143000000000001,46.39333333333334,3.0,Patrick Williams,average,1,ECE
23,linear_algebra,0.5951666666666667,0.5284666666666666,0.2827666666666666,0.7134666666666667,49.35666666666666,3.0,Kyle Maldonado,average,3,ECE
23,networking,0.5865333333333332,0.4949666666666667,0.5217999999999999,0.4453333333333333,49.153333333333336,3.0,Maria Fleming,average,1,IT
23,os_concepts,0.5356,0.5740666666666666,0.3979333333333333,0.5949333333333334,54.57,2.6666666666666665,Malik Austin,average,1,IT
23,probability,0.6285,0.5737666666666666,0.3847666666666667,0.6215,54.18333333333334,2.333333333333333,Daniel Fuentes,average,1,CSE
23,python_basics,0.5429666666666667,0.4706999999999999,0.4053,0.6459333333333334,56.09333333333333,3.0,Brian Harris,average,1,ECE
24,ai_ml,0.3414,0.3540666666666667,0.6960333333333333,0.2972333333333333,69.25666666666666,2.6666666666666665,Elizabeth Bond,weak,2,CSE
24,data_structures,0.4772333333333333,0.3918999999999999,0.6793999999999999,0.3255333333333333,54.973333333333336,2.333333333333333,Karen Ford,weak,4,EEE
24,databases,0.3969333333333333,0.4100333333333333,0.6700666666666667,0.2844666666666666,61.66333333333333,2.333333333333333,Amy Keller,weak,4,ECE
24,linear_algebra,0.5924666666666667,0.4093333333333333,0.6444333333333333,0.3376666666666666,44.16666666666666,2.333333333333333,Janet Gonzales,weak,1,CSE
24,networking,0.3771666666666666,0.2799,0.6468666666666666,0.3201,46.86666666666667,3.333333333333333,Michelle Malone,weak,3,ECE
24,os_concepts,0.4267,0.3903333333333333,0.7547333333333333,0.2853666666666666,54.01333333333333,3.333333333333333,Tracy Mitchell,weak,1,IT
24,probability,0.3608666666666666,0.3345,0.6876000000000001,0.3790333333333333,63.85333333333333,2.6666666666666665,Matthew Quinn,weak,3,IT
24,python_basics,0.3772666666666666,0.2836666666666667,0.5755333333333333,0.3607333333333333,58.04666666666666,3.0,Adam Dennis,weak,1,IT
25,ai_ml,0.7198333333333333,0.8164666666666666,0.3518333333333333,0.6476000000000001,54.68333333333334,1.6666666666666667,Natalie Lynch,strong,1,IT
25,data_structures,0.7619666666666666,0.7892,0.3303333333333333,0.5840333333333333,52.22666666666667,2.333333333333333,Lauren Jenkins,strong,3,IT
25,databases,0.8107000000000001,0.8389333333333333,0.1593666666666666,0.8269000000000001,41.85,2.0,Alejandra Jones,strong,3,ECE
25,linear_algebra,0.8063666666666668,0.7643,0.2534333333333333,0.7033999999999999,53.32666666666668,2.0,Cathy Blanchard MD,strong,4,IT
25,networking,0.9273,0.7342333333333334,0.2555333333333333,0.7497666666666666,52.93333333333333,1.3333333333333333,Alexandra Reese,strong,1,IT
25,os_concepts,0.7742999999999999,0.7742,0.2411666666666666,0.7622,53.10999999999999,2.333333333333333,Kathryn Oconnor,strong,1,IT
25,probability,0.7970333333333334,0.6425666666666667,0.2397333333333333,0.6974666666666667,48.446666666666665,2.0,Krista Butler,strong,4,CSE
25,python_basics,0.7736999999999999,0.6745333333333333,0.3171666666666666,0.7036333333333333,54.06333333333333,2.0,Brianna Riddle,strong,4,EEE
26,ai_ml,0.3660666666666666,0.3461666666666667,0.6933333333333334,0.3057,62.77333333333333,3.333333333333333,Rebecca Ortiz,weak,1,CSE
26,data_structures,0.4408333333333333,0.3575333333333333,0.6579333333333334,0.3181333333333333,64.12666666666667,3.0,Jill Le,weak,4,EEE
26,databases,0.3818,0.3611666666666666,0.7170333333333333,0.302,62.07,3.333333333333333,Robert Bryant,weak,2,ECE
26,linear_algebra,0.3486666666666667,0.3753,0.6964333333333333,0.3089,57.46,2.333333333333333,Tiffany Mejia,weak,1,IT
26,networking,0.3443,0.3455666666666666,0.6126,0.3554333333333333,60.52333333333333,2.6666666666666665,Meredith Norton,weak,4,EEE
26,os_concepts,0.5173,0.4028,0.6556333333333334,0.3311333333333333,52.91333333333333,2.0,Walter Nelson,weak,1,ECE
26,probability,0.5675666666666667,0.3271,0.5685666666666667,0.4624333333333333,43.31666666666666,2.333333333333333,Belinda Price,weak,3,IT
26,python_basics,0.3981333333333334,0.3468,0.6324333333333333,0.3657999999999999,57.723333333333336,2.6666666666666665,Lacey Wolf,weak,3,ECE
27,ai_ml,0.5501666666666667,0.568,0.3576333333333333,0.6333333333333333,52.196666666666665,2.333333333333333,Rebecca Hughes,average,3,CSE
27,data_structures,0.4848,0.5472666666666667,0.3263333333333333,0.6158,49.21333333333333,2.333333333333333,Matthew Ramos,average,3,EEE
27,databases,0.5802666666666667,0.4976333333333333,0.4689,0.4906666666666666,53.78333333333334,2.333333333333333,Lisa Owens,average,3,EEE
27,linear_algebra,0.5409,0.6229666666666667,0.3784333333333333,0.6167,57.71,1.3333333333333333,Barbara Abbott,average,3,CSE
27,networking,0.5086333333333334,0.5337,0.3102,0.6708666666666666,46.04666666666666,3.0,William Smith,average,4,IT
27,os_concepts,0.608,0.4823333333333333,0.3833999999999999,0.6284666666666666,48.63,2.333333333333333,Thomas Dunn,average,1,ECE
27,probability,0.5232333333333333,0.5747333333333333,0.3798999999999999,0.5916333333333333,41.75666666666667,3.0,Daniel Dennis,average,4,ECE
27,python_basics,0.6169666666666667,0.5015666666666667,0.3715333333333333,0.6252,55.61333333333334,2.0,Terry Powell,average,2,ECE
28,ai_ml,0.6975666666666666,0.7529,0.3306666666666666,0.7068333333333333,49.38666666666666,2.333333333333333,Scott Carter,strong,1,ECE
28,data_structures,0.7313999999999999,0.6073333333333334,0.2503333333333333,0.747,63.16666666666666,2.0,Cynthia Hopkins,strong,2,ECE
28,databases,0.7507333333333334,0.6299,0.2480333333333333,0.7827333333333333,60.02,1.3333333333333333,William Meyers,strong,2,EEE
28,linear_algebra,0.7531333333333334,0.8074,0.3751666666666666,0.6306666666666666,54.083333333333336,1.6666666666666667,Catherine Rivera,strong,3,IT
28,networking,0.8236666666666667,0.6745666666666666,0.2255333333333333,0.8125333333333332,47.41,1.3333333333333333,Andrew Lucas,strong,4,CSE
28,os_concepts,0.6950666666666666,0.7761999999999999,0.2599666666666667,0.7324999999999999,35.92333333333334,1.6666666666666667,Steven Wells,strong,1,EEE
28,probability,0.8894666666666667,0.6729666666666666,0.2814333333333333,0.7085333333333333,41.05,1.6666666666666667,Tina Moran,strong,2,ECE
28,python_basics,0.8353,0.7453,0.2999666666666666,0.7075666666666667,45.82666666666666,2.333333333333333,Bonnie Swanson,strong,4,ECE
29,ai_ml,0.248,0.1692,0.777,0.2028,62.77666666666666,3.0,Priscilla Sosa,struggling,4,CSE
29,data_structures,0.3205,0.2624666666666667,0.7791666666666667,0.1842333333333333,61.41666666666666,3.333333333333333,Alexis Foster,struggling,2,ECE
29,databases,0.3037333333333333,0.2991999999999999,0.7503000000000001,0.2371333333333333,62.52666666666666,3.6666666666666665,Kyle Monroe,struggling,2,ECE
29,linear_algebra,0.2919666666666666,0.1298666666666666,0.7532333333333333,0.3224333333333333,55.15,3.0,Hannah Benson,struggling,3,IT
29,networking,0.2124666666666666,0.2739,0.7244,0.2634,62.55666666666667,2.6666666666666665,Michelle Lopez,struggling,4,EEE
29,os_concepts,0.3364333333333333,0.2765333333333333,0.7785333333333333,0.2271,54.76,2.6666666666666665,Thomas Johnson,struggling,4,IT
29,probability,0.2924333333333333,0.2816333333333333,0.7643333333333334,0.2244,58.88333333333333,3.0,Stephanie Clark,struggling,2,EEE
29,python_basics,0.2666333333333333,0.2656333333333333,0.8129333333333334,0.1145,57.61666666666667,3.0,Phyllis Mccall,struggling,3,IT
30,ai_ml,0.409,0.373,0.6833,0.3391,57.01333333333333,2.333333333333333,Francisco Edwards,weak,3,EEE
30,data_structures,0.3909666666666667,0.4069333333333333,0.6789,0.3024666666666666,46.38,3.333333333333333,Allison Thomas,weak,3,IT
30,databases,0.3745666666666666,0.2596,0.615,0.3736,58.94,2.333333333333333,Christopher Murphy,weak,3,ECE
30,linear_algebra,0.3691,0.3386333333333333,0.7076666666666668,0.2969666666666666,70.65666666666667,1.6666666666666667,William Dean,weak,3,CSE
30,networking,0.3568,0.3914666666666666,0.5703333333333332,0.3927333333333333,57.93000000000001,2.6666666666666665,Cameron Massey,weak,2,EEE
30,os_concepts,0.3669666666666666,0.3466333333333333,0.5524333333333333,0.4339333333333333,65.30333333333333,2.0,Jose Morgan,weak,3,EEE
30,probability,0.3540333333333333,0.2019666666666666,0.6251333333333333,0.3138333333333333,47.406666666666666,2.6666666666666665,Amanda Singleton,weak,2,CSE
30,python_basics,0.4099333333333333,0.2452333333333333,0.6340666666666667,0.3962999999999999,63.89333333333334,3.0,Erica Bowman,weak,4,IT
31,ai_ml,0.3911666666666666,0.3918999999999999,0.6904,0.2984666666666666,53.04666666666666,3.0,Stephen Donovan,weak,2,CSE
31,data_structures,0.4386,0.3296333333333333,0.5535666666666667,0.4935333333333333,56.906666666666666,2.333333333333333,Heather Bowen,weak,4,ECE
31,databases,0.4539333333333333,0.3145,0.573,0.3295,62.32333333333335,2.333333333333333,James Smith,weak,1,IT
31,linear_algebra,0.4255666666666666,0.3831,0.7630666666666667,0.2015,50.68000000000001,2.6666666666666665,Monica Nash,weak,1,EEE
31,networking,0.3688,0.3853,0.7479333333333334,0.3127,54.92666666666667,2.333333333333333,Elizabeth Williamson,weak,2,ECE
31,os_concepts,0.3476999999999999,0.3645333333333333,0.6481333333333333,0.3214666666666667,51.21,2.333333333333333,Katherine Bowman,weak,2,EEE
31,probability,0.2298666666666666,0.3419,0.6715,0.2774666666666667,65.11333333333333,3.333333333333333,Donna Ward,weak,1,ECE
31,python_basics,0.4132333333333333,0.3864666666666667,0.5917333333333333,0.4454666666666666,52.36666666666667,2.6666666666666665,John Martin,weak,2,EEE
32,ai_ml,0.1802333333333333,0.2122666666666667,0.8014666666666667,0.235,60.50333333333333,3.333333333333333,Casey Hill,struggling,2,IT
32,data_structures,0.3565333333333333,0.2897,0.7041666666666666,0.3118333333333333,61.82333333333333,2.6666666666666665,Mary Harper,struggling,1,ECE
32,databases,0.2901,0.2563333333333333,0.735,0.2749,58.05666666666667,2.6666666666666665,Sean Garcia,struggling,2,IT
32,linear_algebra,0.2760666666666667,0.2795,0.7750333333333334,0.2585666666666666,58.673333333333325,3.0,Darryl Cortez,struggling,1,IT
32,networking,0.3247666666666667,0.3433,0.7458666666666667,0.2355333333333333,56.60999999999999,3.333333333333333,Pamela Fischer,struggling,4,EEE
32,os_concepts,0.3018333333333333,0.2980333333333333,0.7660666666666667,0.2291666666666666,53.48666666666667,3.333333333333333,Manuel Haney,struggling,4,IT
32,probability,0.3297666666666667,0.3243666666666667,0.7352,0.2402333333333333,50.61000000000001,2.333333333333333,Albert Jackson,struggling,3,EEE
32,python_basics,0.2714,0.1825666666666666,0.7132,0.2773,53.51,3.333333333333333,Michael Daniels,struggling,1,IT
33,ai_ml,0.5169666666666667,0.5167,0.3945333333333333,0.5824333333333332,52.626666666666665,3.0,Patrick Miller,average,2,IT
33,data_structures,0.5760333333333333,0.5034,0.4687666666666666,0.5198333333333333,55.81333333333333,2.6666666666666665,Monique Garcia,average,3,IT
33,databases,0.6038333333333333,0.5498333333333333,0.4274666666666666,0.5463333333333333,58.6,2.333333333333333,Brad Montgomery,average,1,CSE
33,linear_algebra,0.6115666666666667,0.5692333333333334,0.4109,0.521,58.70666666666667,2.333333333333333,Elizabeth Thompson,average,4,EEE
33,networking,0.6379333333333334,0.5622666666666667,0.3447666666666666,0.6643666666666667,56.72,2.333333333333333,Richard Schwartz,average,3,EEE
33,os_concepts,0.7602666666666668,0.5799666666666666,0.3817666666666666,0.5664333333333333,50.36666666666667,2.0,Susan Cline,average,4,ECE
33,probability,0.5080666666666667,0.4591,0.4410333333333334,0.5196333333333333,50.68,2.333333333333333,Jodi Hall,average,4,CSE
33,python_basics,0.6029666666666667,0.5934,0.3633,0.6331333333333333,54.836666666666666,2.6666666666666665,Allison Lopez,average,2,ECE
34,ai_ml,0.5335333333333333,0.4932,0.4674666666666667,0.5452666666666667,48.35,2.333333333333333,Judy Duran,average,2,IT
34,data_structures,0.6219,0.5356,0.4525333333333333,0.5332666666666667,56.66666666666666,1.3333333333333333,Erica Johnson,average,2,CSE
34,databases,0.6522333333333333,0.6393666666666666,0.3804,0.6867333333333333,46.9,2.333333333333333,Christopher Lee,average,4,EEE
34,linear_algebra,0.5241666666666667,0.5688333333333333,0.3004,0.7114333333333334,55.196666666666665,3.0,James Khan,average,4,IT
34,networking,0.5651666666666667,0.5258333333333334,0.3884333333333333,0.6592333333333333,48.06666666666666,2.6666666666666665,William Sullivan,average,1,CSE
34,os_concepts,0.5388333333333334,0.5290333333333334,0.3617333333333333,0.5901666666666666,59.76,2.333333333333333,Tina Stone,average,1,EEE
34,probability,0.532,0.5249666666666667,0.4768666666666667,0.4654333333333333,49.99333333333334,2.6666666666666665,Erin Brock,average,3,EEE
34,python_basics,0.5306666666666667,0.5003000000000001,0.3608333333333333,0.5882,46.29666666666666,2.333333333333333,Hunter Smith,average,2,EEE
35,ai_ml,0.4014333333333333,0.5822,0.5064666666666666,0.4916666666666666,56.79,2.0,Amanda Conley,average,2,IT
35,data_structures,0.5968333333333334,0.6374,0.4027333333333333,0.6178666666666667,49.95666666666667,2.0,David Morales,average,2,CSE
35,databases,0.6189,0.5429333333333334,0.3704,0.6611,42.01,3.333333333333333,Nicole Rodriguez,average,2,ECE
35,linear_algebra,0.5020666666666667,0.4727666666666666,0.4266,0.6210666666666667,54.75333333333333,2.0,Christopher Black,average,1,EEE
35,networking,0.6727333333333334,0.577,0.5075333333333334,0.4813666666666666,55.95666666666667,2.0,Christina Spencer,average,4,ECE
35,os_concepts,0.6090333333333333,0.6000666666666666,0.4403999999999999,0.5703666666666667,50.43333333333334,2.0,Aaron Paul,average,3,ECE
35,probability,0.5977333333333333,0.5751666666666667,0.4119666666666666,0.6029666666666667,62.693333333333335,2.0,Adam Scott,average,3,CSE
35,python_basics,0.7706,0.5754,0.3795666666666666,0.6037666666666667,48.59,2.0,Lori Johnson,average,3,CSE
36,ai_ml,0.4826666666666666,0.5076333333333333,0.3403666666666667,0.6608,60.56333333333333,2.333333333333333,Shannon Wade,average,1,IT
36,data_structures,0.5953666666666667,0.5567333333333333,0.4021,0.5818333333333333,50.27,3.0,Jennifer Sanders,average,4,IT
36,databases,0.6779666666666667,0.5888666666666666,0.4202999999999999,0.5783666666666667,43.84,2.333333333333333,Patricia Braun,average,3,IT
36,linear_algebra,0.5506666666666667,0.4838333333333333,0.3911666666666666,0.5735,61.54,2.6666666666666665,Joe James,average,4,ECE
36,networking,0.5582666666666666,0.5123333333333333,0.4000999999999999,0.6037,49.85999999999999,1.6666666666666667,Michael Wallace,average,3,ECE
36,os_concepts,0.6060333333333333,0.4913333333333334,0.4773666666666667,0.5573333333333333,56.64000000000001,2.333333333333333,Miguel Taylor,average,4,IT
36,probability,0.5770333333333334,0.5217,0.4112,0.6071333333333333,52.94333333333333,2.0,Danny Garcia,average,1,EEE
36,python_basics,0.6083999999999999,0.5251333333333333,0.3823,0.6693000000000001,44.82666666666668,3.0,Tamara Fletcher,average,1,CSE
37,ai_ml,0.4609666666666666,0.5634,0.4285,0.6346999999999999,59.6,2.333333333333333,Jeremy Christensen,average,2,IT
37,data_structures,0.6074333333333334,0.5595333333333333,0.3610333333333333,0.5741999999999999,55.35999999999999,2.333333333333333,Scott Young,average,3,IT
37,databases,0.5093,0.6435,0.3650666666666667,0.6390666666666666,62.870000000000005,2.6666666666666665,Jo Gutierrez,average,4,CSE
37,linear_algebra,0.6574,0.4722333333333333,0.3780333333333334,0.6311,41.53333333333333,2.333333333333333,Timothy Morgan,average,3,ECE
37,networking,0.5720666666666666,0.5907666666666667,0.3732999999999999,0.6386666666666666,50.39000000000001,2.0,Brian Smith,average,1,CSE
37,os_concepts,0.5577333333333333,0.5647666666666666,0.4328333333333333,0.5449333333333334,54.44333333333333,2.6666666666666665,Jeremy Koch,average,4,EEE
37,probability,0.5793333333333334,0.5945666666666667,0.4926666666666666,0.4947333333333333,54.98333333333333,2.0,Tina Cooper,average,2,ECE
37,python_basics,0.612,0.5557333333333333,0.4227666666666667,0.6121666666666666,63.91333333333333,2.6666666666666665,Timothy Salazar,average,4,ECE
38,ai_ml,0.2006666666666666,0.4043,0.6373333333333333,0.3936,55.120000000000005,2.333333333333333,Lisa Pierce,weak,1,ECE
38,data_structures,0.2739666666666666,0.3603333333333333,0.6627666666666666,0.3525333333333333,58.05666666666667,2.6666666666666665,Jeremy Lawrence,weak,1,ECE
38,databases,0.3626666666666667,0.312,0.6868333333333333,0.2872333333333333,60.55666666666667,2.0,Samuel Adams,weak,4,ECE
38,linear_algebra,0.366,0.2894333333333334,0.5581999999999999,0.4148,56.27666666666666,3.6666666666666665,Robert Williams,weak,2,CSE
38,networking,0.4693,0.4269333333333333,0.6544666666666666,0.3305,50.65,2.6666666666666665,Jessica Smith,weak,4,IT
38,os_concepts,0.3965,0.3245333333333333,0.6718666666666667,0.3252666666666666,56.24666666666667,2.6666666666666665,Renee Miller,weak,2,EEE
38,probability,0.3434333333333333,0.3062,0.5638333333333333,0.4535333333333333,54.946666666666665,2.333333333333333,Michael Bell,weak,1,CSE
38,python_basics,0.4655666666666667,0.1876,0.6791999999999999,0.3053333333333333,53.54333333333333,3.333333333333333,Molly Gregory,weak,4,EEE
39,ai_ml,0.4695333333333333,0.5428333333333334,0.4611333333333333,0.5702666666666666,50.27333333333333,2.6666666666666665,Wendy Small DDS,average,2,CSE
39,data_structures,0.6480666666666667,0.5891666666666667,0.445,0.6227,56.91,1.6666666666666667,Susan Cole,average,2,EEE
39,databases,0.5467666666666667,0.4764,0.3786666666666667,0.6271666666666667,52.04999999999999,2.6666666666666665,Sarah Meadows,average,1,IT
39,linear_algebra,0.4704,0.5948000000000001,0.4641333333333333,0.5777666666666667,52.88666666666666,2.333333333333333,John Atkinson,average,1,ECE
39,networking,0.6476666666666667,0.6315666666666667,0.3859999999999999,0.6075333333333334,52.626666666666665,2.0,Blake Webb,average,4,IT
39,os_concepts,0.6200666666666667,0.5055666666666667,0.5318333333333333,0.4713333333333334,56.00666666666666,1.6666666666666667,Christina Mathis,average,1,IT
39,probability,0.5850333333333334,0.5162666666666667,0.2981,0.7773,53.57666666666668,1.6666666666666667,Francisco Dalton,average,4,ECE
39,python_basics,0.6089,0.4725666666666666,0.4464666666666666,0.5659,47.96333333333333,2.0,Rebecca Gross,average,3,ECE
40,ai_ml,0.5366666666666666,0.5546333333333333,0.3908666666666667,0.5575,53.876666666666665,2.0,Alexander Cooper,average,4,CSE
40,data_structures,0.6668333333333334,0.5979666666666666,0.3718333333333333,0.6420333333333333,48.28333333333333,2.0,Taylor Thompson,average,2,EEE
40,databases,0.6954333333333333,0.5097333333333333,0.3729333333333333,0.6803666666666667,50.32666666666668,1.6666666666666667,Tanya Andrade,average,4,IT
40,linear_algebra,0.5232333333333333,0.5672666666666667,0.4455333333333333,0.5647000000000001,55.06333333333333,2.333333333333333,Donna Hardy,average,3,CSE
40,networking,0.5922999999999999,0.4338666666666667,0.3585333333333333,0.6215,54.78,2.0,Danielle Jackson MD,average,3,IT
40,os_concepts,0.5994333333333334,0.5579999999999999,0.3395666666666666,0.6551,52.67666666666667,1.6666666666666667,Christopher Hudson,average,4,EEE
40,probability,0.5758666666666666,0.6071666666666666,0.4233333333333333,0.5982,54.3,2.333333333333333,Ashley Scott,average,1,CSE
40,python_basics,0.6304,0.5173333333333333,0.3920999999999999,0.5910333333333333,50.02,2.0,Jennifer Blair,average,1,EEE
41,ai_ml,0.2756,0.3394999999999999,0.7656333333333333,0.1908333333333333,45.09,2.333333333333333,Laura Walker,weak,2,EEE
41,data_structures,0.3195666666666666,0.3829,0.5910333333333333,0.4545333333333333,51.66666666666666,2.333333333333333,Amanda Huber,weak,2,ECE
41,databases,0.3273999999999999,0.2572666666666667,0.6414666666666667,0.3216666666666666,55.8,2.333333333333333,Heather Gonzalez,weak,4,EEE
41,linear_algebra,0.4741333333333333,0.3367,0.6344,0.2934333333333333,63.67666666666667,2.0,Dana Hines,weak,4,CSE
41,networking,0.3360333333333333,0.3079333333333333,0.5871666666666667,0.3817333333333333,51.77666666666667,3.333333333333333,Dustin Morales,weak,4,IT
41,os_concepts,0.3485666666666667,0.3508333333333333,0.5972666666666667,0.3875,51.57666666666668,3.333333333333333,Andrew Johnson,weak,4,EEE
41,probability,0.3506,0.3094,0.6152333333333333,0.408,52.73666666666667,3.333333333333333,Rita Bass MD,weak,1,EEE
41,python_basics,0.6356333333333333,0.3943333333333333,0.743,0.2724666666666667,46.31999999999999,1.6666666666666667,Jesse Smith,weak,4,IT
42,ai_ml,0.3559666666666666,0.2707333333333333,0.8289333333333334,0.1747666666666666,48.57,3.333333333333333,Melissa Wells,struggling,1,IT
42,data_structures,0.3632666666666667,0.3227,0.7741333333333333,0.2454333333333333,60.46666666666667,2.0,Austin Cobb,struggling,2,IT
42,databases,0.2809666666666666,0.1818,0.7950333333333334,0.1616,60.03333333333334,3.0,Javier Vargas,struggling,2,EEE
42,linear_algebra,0.3136666666666667,0.1717333333333333,0.8076,0.1325333333333333,67.69,2.333333333333333,Kendra Mccann,struggling,4,EEE
42,networking,0.3476999999999999,0.1674666666666666,0.7977333333333334,0.1940666666666667,56.48,3.6666666666666665,Nicole Moore,struggling,4,CSE
42,os_concepts,0.2911666666666666,0.3225,0.81,0.1571666666666666,68.19666666666667,2.6666666666666665,Dawn Chang,struggling,4,ECE
42,probability,0.4166,0.2809,0.7002666666666667,0.2458,63.40333333333333,2.6666666666666665,Ricardo Strong,struggling,2,ECE
42,python_basics,0.2120333333333333,0.3415666666666666,0.7121666666666666,0.2514666666666666,62.446666666666665,3.6666666666666665,Joshua Smith,struggling,2,CSE
43,ai_ml,0.6370333333333332,0.6060333333333333,0.3206666666666666,0.6395,62.0,2.0,Michael Morris,average,2,CSE
43,data_structures,0.5677666666666666,0.5030666666666667,0.4322666666666666,0.5504,64.88,1.6666666666666667,Teresa Davis,average,4,IT
43,databases,0.7011,0.5450666666666667,0.3602333333333333,0.6183,48.41333333333333,2.333333333333333,Debbie Silva,average,4,IT
43,linear_algebra,0.5618,0.5953666666666666,0.4362333333333333,0.6376666666666667,61.96,2.6666666666666665,Latoya Graham,average,1,IT
43,networking,0.6687333333333333,0.5699666666666666,0.3363666666666667,0.6973333333333334,60.336666666666666,1.6666666666666667,Brandon Smith,average,1,CSE
43,os_concepts,0.5371666666666667,0.4829,0.4262333333333333,0.5396666666666666,57.24666666666667,2.0,Kimberly Stewart,average,2,EEE
43,probability,0.5205000000000001,0.6462333333333333,0.5374333333333333,0.4467333333333333,56.32,2.0,Dwayne Smith,average,3,IT
43,python_basics,0.5802666666666667,0.5449333333333334,0.3919999999999999,0.5557,52.556666666666665,2.6666666666666665,Alison Cobb,average,2,EEE
44,ai_ml,0.5179,0.5732666666666666,0.3590666666666666,0.64,56.9,2.6666666666666665,Peter Shaw,average,4,EEE
44,data_structures,0.6868666666666666,0.5704333333333333,0.3778666666666666,0.6150666666666667,53.47,2.0,Amanda Horton,average,2,ECE
44,databases,0.6471333333333333,0.5961,0.3412,0.6541,49.120000000000005,2.333333333333333,Martin Jenkins,average,1,EEE
44,linear_algebra,0.5146000000000001,0.6227333333333334,0.2778666666666666,0.7035333333333332,57.370000000000005,2.6666666666666665,William Wilson,average,3,CSE
44,networking,0.6713666666666667,0.4541,0.4091,0.5962666666666666,54.53666666666666,2.6666666666666665,Joel Mclaughlin,average,3,CSE
44,os_concepts,0.5091,0.5508000000000001,0.4664,0.5648333333333333,55.45666666666667,2.6666666666666665,Trevor Hines,average,2,IT
44,probability,0.6363666666666666,0.5769666666666667,0.3926,0.6030000000000001,48.53666666666667,2.0,Amy Jones,average,2,IT
44,python_basics,0.6156333333333334,0.5299333333333334,0.4331,0.5772333333333334,47.53666666666667,2.333333333333333,Douglas Davis,average,4,CSE
45,ai_ml,0.4716,0.506,0.4152666666666667,0.6099666666666667,49.35666666666666,2.6666666666666665,Angela West,average,3,EEE
45,data_structures,0.5123666666666667,0.5238,0.3937,0.5936,52.57,2.6666666666666665,Rita Meyers,average,3,CSE
45,databases,0.5283666666666667,0.573,0.3862666666666667,0.5983999999999999,43.24,2.0,Amy Reynolds,average,3,IT
45,linear_algebra,0.5751333333333334,0.5056333333333333,0.4983666666666667,0.4848333333333333,44.45666666666667,2.6666666666666665,Michael Norris,average,4,CSE
45,networking,0.5413,0.5684,0.3955666666666667,0.5975,50.96,2.0,Daniel West,average,1,CSE
45,os_concepts,0.5732,0.5856,0.3146,0.6694666666666667,39.73666666666667,2.0,Sandra Carrillo,average,4,IT
45,probability,0.5429666666666667,0.5029666666666667,0.4270666666666667,0.5514333333333333,51.30666666666667,2.6666666666666665,Beth Baldwin,average,3,EEE
45,python_basics,0.6985999999999999,0.6371333333333333,0.4620666666666667,0.5085666666666667,53.31,2.333333333333333,Mary Flowers,average,1,EEE
46,ai_ml,0.7353333333333333,0.7954,0.2797,0.7161,50.01666666666667,3.0,Andrew Wilson,strong,3,EEE
46,data_structures,0.7138333333333334,0.6608999999999999,0.1729666666666666,0.8453666666666667,49.22333333333333,2.0,Shawn Knight,strong,2,EEE
46,databases,0.7463000000000001,0.6209333333333333,0.3830333333333333,0.581,54.41333333333333,2.333333333333333,Nicholas Barber,strong,3,EEE
46,linear_algebra,0.8274333333333334,0.6576333333333334,0.1996666666666666,0.8231666666666667,54.48,2.6666666666666665,Michael Montes,strong,1,IT
46,networking,0.6641666666666667,0.8220000000000001,0.1700666666666666,0.8365333333333332,58.84,3.0,Johnny Johnson,strong,2,ECE
46,os_concepts,0.6463666666666666,0.8051666666666667,0.2564333333333333,0.7208333333333333,50.89000000000001,2.333333333333333,Johnny Lewis,strong,3,IT
46,probability,0.8649999999999999,0.7588666666666666,0.3078,0.6751333333333333,45.57,1.6666666666666667,Mary Smith,strong,1,CSE
46,python_basics,0.8247666666666666,0.7549666666666667,0.2232999999999999,0.7891,51.34666666666666,2.333333333333333,Janet Mann MD,strong,1,ECE
47,ai_ml,0.3495666666666666,0.3312333333333333,0.6398,0.3509333333333333,65.38,2.6666666666666665,Patrick Fernandez Jr.,weak,1,EEE
47,data_structures,0.4134333333333333,0.313,0.6143666666666667,0.3824333333333333,55.0,2.333333333333333,Christopher Martin,weak,3,EEE
47,databases,0.3319,0.3941333333333333,0.6612,0.3256,68.11666666666666,3.0,Miss Robin Patterson,weak,4,EEE
47,linear_algebra,0.3464,0.2531666666666667,0.6361333333333333,0.3747333333333333,49.90333333333333,3.333333333333333,Alan Archer,weak,3,EEE
47,networking,0.4815,0.3964333333333333,0.6391666666666667,0.3764333333333333,58.75,2.0,Tamara Mitchell,weak,4,EEE
47,os_concepts,0.5032333333333333,0.2623333333333333,0.5816333333333333,0.4289333333333333,50.72666666666667,2.333333333333333,Matthew Mcdonald,weak,2,EEE
47,probability,0.4082999999999999,0.3949666666666666,0.5836666666666667,0.4661999999999999,55.81,2.6666666666666665,Jaime Olson,weak,3,IT
47,python_basics,0.4179666666666666,0.3259666666666667,0.7228666666666667,0.2566666666666666,55.14666666666667,2.0,Christine King,weak,3,ECE
48,ai_ml,0.3195333333333333,0.2895,0.7974333333333333,0.1999999999999999,63.51666666666667,2.6666666666666665,Edward Simmons,weak,1,IT
48,data_structures,0.3938,0.3148,0.7206333333333333,0.2273666666666666,46.370000000000005,2.6666666666666665,Kelly Jordan,weak,1,EEE
48,databases,0.4111666666666667,0.4365666666666667,0.6139666666666667,0.3957666666666666,56.97666666666667,2.333333333333333,Charles Preston,weak,2,EEE
48,linear_algebra,0.4902333333333333,0.3567333333333333,0.6799333333333334,0.3216,52.830000000000005,2.0,Sheri Smith,weak,3,IT
48,networking,0.383,0.3219333333333333,0.6114,0.3471666666666667,48.95,3.0,Ashley Reilly,weak,1,ECE
48,os_concepts,0.3875333333333333,0.3160333333333333,0.6796666666666668,0.3384333333333333,48.803333333333335,3.0,Steven Dodson,weak,4,ECE
48,probability,0.4833666666666666,0.3330666666666667,0.5750666666666667,0.4446333333333334,52.333333333333336,3.333333333333333,Ashley Thomas,weak,1,CSE
48,python_basics,0.3245333333333333,0.2486,0.5917,0.3757666666666666,59.15333333333333,3.333333333333333,Tony Jennings,weak,4,ECE
49,ai_ml,0.5241333333333333,0.5459999999999999,0.3846333333333333,0.6747666666666667,54.96,2.0,Karen Foster,average,4,CSE
49,data_structures,0.7157333333333332,0.5211666666666667,0.3992,0.6368333333333334,47.28,2.0,Albert Mendoza,average,1,CSE
49,databases,0.6701,0.6038333333333333,0.4321,0.5671333333333334,64.17,2.6666666666666665,Brenda Flores,average,4,CSE
49,linear_algebra,0.5612666666666667,0.5436333333333333,0.4449,0.5042666666666666,51.35999999999999,2.6666666666666665,Stephanie Suarez,average,3,EEE
49,networking,0.5792,0.5187,0.4609333333333333,0.536,51.19,1.3333333333333333,Janice Green,average,3,CSE
49,os_concepts,0.7144,0.4255333333333333,0.3963666666666667,0.6299333333333333,44.71666666666667,1.6666666666666667,David Lloyd,average,3,CSE
49,probability,0.6785666666666667,0.5951,0.3341,0.6621,46.8,3.0,Kyle Burke,average,2,EEE
49,python_basics,0.5900333333333333,0.5227,0.3753999999999999,0.6685666666666666,57.85333333333333,2.333333333333333,Bonnie Bullock MD,average,4,EEE
50,ai_ml,0.3833,0.6240666666666667,0.3769,0.5818,58.583333333333336,3.333333333333333,Janet Case,average,4,EEE
50,data_structures,0.6118666666666667,0.5417666666666666,0.4605333333333333,0.5029,54.923333333333325,2.0,Victor Hodges,average,2,EEE
50,databases,0.5543666666666667,0.4701666666666666,0.4417666666666666,0.5104666666666667,61.92,2.0,Valerie Mack,average,3,CSE
50,linear_algebra,0.6249666666666666,0.4836333333333333,0.5131666666666667,0.467,51.76666666666667,2.6666666666666665,John Hernandez,average,2,EEE
50,networking,0.6477666666666666,0.4614,0.4216999999999999,0.5885666666666666,50.806666666666665,2.6666666666666665,Ricardo Turner,average,1,EEE
50,os_concepts,0.5984333333333334,0.5057333333333333,0.4438333333333333,0.5522333333333334,62.28,2.6666666666666665,Sara Shepherd,average,4,EEE
50,probability,0.6485333333333333,0.5704,0.4025,0.6354000000000001,51.27333333333333,2.333333333333333,Terry Bullock,average,2,EEE
50,python_basics,0.5318,0.5298666666666666,0.3506666666666667,0.6161,55.85,2.333333333333333,Carlos Gibson,average,4,CSE
51,ai_ml,0.7690666666666667,0.7329333333333333,0.3078666666666667,0.7206333333333333,55.53333333333333,2.0,Lisa Gardner,strong,2,EEE
51,data_structures,0.8992333333333334,0.8136666666666666,0.2662333333333333,0.7533666666666666,38.85333333333333,2.333333333333333,Kristin Fields,strong,2,ECE
51,databases,0.6387999999999999,0.7046,0.2204666666666666,0.7311333333333333,53.833333333333336,2.333333333333333,Michael Smith,strong,2,IT
51,linear_algebra,0.751,0.7882666666666666,0.2352333333333333,0.7793666666666667,50.08666666666667,2.333333333333333,Brian David,strong,1,EEE
51,networking,0.8932000000000001,0.8504666666666667,0.1922,0.8118,59.66,1.3333333333333333,Courtney Martinez,strong,1,EEE
51,os_concepts,0.7289,0.7649666666666667,0.1888999999999999,0.8233333333333333,53.93666666666667,1.3333333333333333,David Huerta,strong,2,ECE
51,probability,0.7078000000000001,0.7109333333333333,0.2931666666666667,0.6802,48.60666666666666,3.333333333333333,Trevor Jones,strong,1,IT
51,python_basics,0.6790666666666666,0.6888,0.2534,0.7072333333333334,56.84333333333333,2.333333333333333,Nicholas Wilson,strong,2,IT
52,ai_ml,0.514,0.502,0.3408666666666667,0.6403,53.74333333333333,2.0,Holly Wilson,average,4,EEE
52,data_structures,0.6264666666666666,0.6543,0.3589,0.6689666666666666,53.48333333333333,2.0,Luis Kelley,average,1,CSE
52,databases,0.6836000000000001,0.6367333333333334,0.4185,0.5894333333333334,38.82,2.6666666666666665,Jason Dennis,average,3,IT
52,linear_algebra,0.5575333333333333,0.5125666666666667,0.3161,0.7144666666666667,52.68666666666667,3.333333333333333,Amber Baker,average,1,CSE
52,networking,0.5257333333333333,0.5358999999999999,0.4115,0.5934333333333334,57.51,3.0,Amanda Goodwin,average,2,EEE
52,os_concepts,0.6172666666666666,0.5104333333333333,0.3338333333333333,0.642,44.28333333333333,2.333333333333333,James Rich,average,1,ECE
52,probability,0.6097666666666667,0.5804,0.4570333333333333,0.5668,59.16333333333333,2.0,Melissa Frey,average,2,EEE
52,python_basics,0.5723333333333334,0.5621333333333333,0.4056666666666667,0.5643333333333334,61.63,2.333333333333333,Kelli Perry,average,3,ECE
53,ai_ml,0.4187666666666667,0.521,0.4471333333333334,0.5343666666666667,47.04,2.333333333333333,Noah Alvarado,average,1,IT
53,data_structures,0.6956000000000001,0.6597666666666666,0.4904666666666666,0.5490666666666667,43.15,1.3333333333333333,Travis Reese,average,3,IT
53,databases,0.5701666666666666,0.4952,0.3798333333333333,0.6432333333333333,59.64666666666667,2.6666666666666665,Stephen Morales,average,4,EEE
53,linear_algebra,0.6366999999999999,0.5643666666666667,0.3991,0.6250333333333333,38.78666666666667,1.6666666666666667,Connor Barrett,average,2,IT
53,networking,0.6721666666666666,0.5135666666666666,0.3251333333333333,0.6942,59.830000000000005,2.0,Michael Adkins,average,2,ECE
53,os_concepts,0.5414666666666667,0.4849666666666667,0.4511666666666666,0.4794,48.05666666666667,2.0,Jacqueline Poole,average,1,EEE
53,probability,0.5217666666666667,0.5309666666666666,0.3669333333333333,0.6061333333333333,66.91333333333334,3.0,Timothy Coffey,average,1,EEE
53,python_basics,0.6302333333333333,0.4735333333333333,0.4122666666666667,0.5685,47.71,1.3333333333333333,Terry Hughes,average,4,CSE
54,ai_ml,0.2942666666666667,0.3348333333333333,0.6843,0.2998666666666666,60.44666666666666,3.0,Caroline Davidson,weak,1,CSE
54,data_structures,0.4775333333333333,0.3911333333333333,0.6925333333333333,0.3098666666666667,58.06333333333333,2.0,Emily Yates,weak,4,ECE
54,databases,0.4462,0.3002333333333333,0.8463333333333334,0.1425333333333333,51.14333333333334,2.333333333333333,Jordan Wright,weak,4,ECE
54,linear_algebra,0.5538333333333334,0.2941,0.5803666666666667,0.4482333333333333,45.46666666666667,2.0,Mason Hess,weak,3,IT
54,networking,0.4580666666666667,0.2989333333333333,0.7707666666666667,0.2198,57.45333333333334,3.0,Carlos Townsend,weak,2,ECE
54,os_concepts,0.5375333333333333,0.3309,0.6551,0.3802,52.42,3.0,Kelly Solis,weak,2,ECE
54,probability,0.4980333333333333,0.2880999999999999,0.703,0.3017666666666667,59.79333333333333,2.0,Christopher Baker,weak,2,EEE
54,python_basics,0.4075999999999999,0.2970333333333333,0.6606666666666666,0.2714333333333333,58.93666666666667,2.333333333333333,Douglas Johnson,weak,1,CSE
55,ai_ml,0.3561,0.3155333333333334,0.6293333333333333,0.3400666666666667,48.04666666666666,2.6666666666666665,Gregory Gray,weak,3,EEE
55,data_structures,0.4667333333333333,0.3590666666666666,0.7153,0.2986,53.21,2.333333333333333,David Armstrong,weak,2,ECE
55,databases,0.5457333333333333,0.3602333333333333,0.6616333333333334,0.3406,61.48333333333333,3.0,Michael Snyder,weak,4,EEE
55,linear_algebra,0.4636333333333333,0.4405333333333334,0.6526333333333333,0.3194333333333333,51.71,2.333333333333333,Erik Bush,weak,2,CSE
55,networking,0.4529666666666667,0.3370333333333333,0.6890999999999999,0.3115,53.22,2.6666666666666665,Crystal Dunlap,weak,1,CSE
55,os_concepts,0.4855666666666667,0.3971333333333333,0.6045666666666666,0.3429,45.830000000000005,1.6666666666666667,Ryan Harrell,weak,3,IT
55,probability,0.4067666666666666,0.4245666666666666,0.6334333333333334,0.3324,58.73666666666667,1.6666666666666667,Natasha Mcdonald,weak,4,CSE
55,python_basics,0.4467666666666667,0.3833999999999999,0.6719333333333334,0.3411333333333333,53.123333333333335,2.333333333333333,Kathryn Adkins,weak,2,CSE
56,ai_ml,0.7027666666666667,0.6685333333333334,0.3787333333333333,0.6746666666666666,50.41666666666666,2.333333333333333,Anna Wallace,average,4,CSE
56,data_structures,0.5748666666666666,0.5321666666666667,0.3754666666666666,0.6777333333333333,58.60999999999999,1.6666666666666667,Vincent Michael,average,1,EEE
56,databases,0.4866666666666666,0.508,0.3622666666666667,0.6508,42.25333333333334,2.6666666666666665,Jeffrey Park,average,2,EEE
56,linear_algebra,0.6092,0.6391,0.3622333333333333,0.6486333333333333,46.38666666666666,3.333333333333333,Joanna Rojas,average,2,IT
56,networking,0.5652333333333334,0.4770666666666667,0.3424666666666667,0.6692,45.35,2.333333333333333,Brandon Lowe,average,1,ECE
56,os_concepts,0.5138333333333334,0.6128333333333333,0.2863333333333333,0.7310666666666666,62.32666666666668,3.333333333333333,Tyler Peterson,average,2,CSE
56,probability,0.6196666666666667,0.5417333333333333,0.3626333333333333,0.6324333333333333,55.553333333333335,2.6666666666666665,Melissa Johnson,average,2,EEE
56,python_basics,0.5509666666666666,0.6842333333333334,0.4376333333333333,0.5590666666666667,53.126666666666665,2.6666666666666665,Jessica Tran,average,1,CSE
57,ai_ml,0.6303,0.7360000000000001,0.2478333333333333,0.7484666666666667,50.70666666666667,2.333333333333333,Willie Guzman,strong,4,ECE
57,data_structures,0.7520666666666668,0.7993666666666667,0.3266666666666666,0.6684333333333333,45.64666666666667,2.0,Darrell Weiss,strong,4,IT
57,databases,0.8643333333333333,0.7905000000000001,0.2573333333333333,0.7231333333333333,41.46,2.6666666666666665,Miss Leslie Ramirez DVM,strong,1,IT
57,linear_algebra,0.7794666666666666,0.8133666666666667,0.2801666666666667,0.7442333333333333,40.29333333333333,2.333333333333333,Jenny Anderson,strong,2,EEE
57,networking,0.8036,0.7788666666666666,0.3079,0.6874666666666668,38.54,2.333333333333333,Taylor Schultz,strong,3,IT
57,os_concepts,0.8158,0.6712333333333333,0.1695333333333333,0.8596666666666666,56.29,2.6666666666666665,Nicholas Lewis,strong,2,EEE
57,probability,0.7784333333333334,0.8419,0.2048333333333333,0.8325666666666667,43.92,1.6666666666666667,Virginia Hernandez,strong,1,CSE
57,python_basics,0.6403,0.7123666666666667,0.2412333333333333,0.7317666666666667,41.74333333333333,1.6666666666666667,Melissa Griffith,strong,1,CSE
58,ai_ml,0.3656,0.4346666666666666,0.6851666666666666,0.2511,60.626666666666665,4.0,Amy Johnson,weak,1,CSE
58,data_structures,0.3374333333333333,0.3861666666666667,0.6089,0.4185,56.38333333333333,3.0,Tony Hamilton,weak,2,CSE
58,databases,0.4096666666666667,0.5009666666666667,0.6590666666666667,0.3506,55.14333333333334,2.6666666666666665,John Robles,weak,3,CSE
58,linear_algebra,0.2905333333333333,0.4016666666666666,0.7384333333333334,0.2456333333333333,58.903333333333336,2.333333333333333,Aaron Martinez,weak,1,IT
58,networking,0.4497,0.3729333333333333,0.7232666666666666,0.2534333333333333,44.84333333333333,2.333333333333333,James Spencer,weak,1,EEE
58,os_concepts,0.4870666666666667,0.4285666666666666,0.6175333333333333,0.4210666666666666,48.52666666666666,2.333333333333333,Michael Smith,weak,2,EEE
58,probability,0.3855333333333333,0.3714,0.6840666666666667,0.3411333333333333,59.77666666666667,2.0,Debbie Daniels,weak,2,CSE
58,python_basics,0.4202999999999999,0.2774333333333333,0.5772333333333334,0.4035333333333333,66.50666666666666,3.6666666666666665,Drew Ramos,weak,3,ECE
59,ai_ml,0.5201666666666667,0.5527666666666667,0.4056333333333333,0.6001,45.053333333333335,3.0,Kevin Sanford,average,1,EEE
59,data_structures,0.6177666666666667,0.4848333333333333,0.3694,0.6506,49.946666666666665,2.6666666666666665,David Hendrix,average,3,EEE
59,databases,0.515,0.5417333333333333,0.3813,0.6123999999999999,51.083333333333336,3.333333333333333,Elizabeth Davis MD,average,3,EEE
59,linear_algebra,0.6297,0.5676333333333333,0.5139,0.5126666666666667,53.22666666666667,1.6666666666666667,Melissa Banks,average,4,EEE
59,networking,0.8185666666666668,0.4979333333333333,0.3994,0.5744333333333334,53.61333333333334,1.6666666666666667,Sheila Johnson,average,2,IT
59,os_concepts,0.5678,0.5048333333333334,0.3908999999999999,0.5716,57.196666666666665,2.0,Joseph Perez,average,2,CSE
59,probability,0.5337,0.5299666666666667,0.4394333333333333,0.4994333333333333,59.48333333333333,2.6666666666666665,Nicole Lawrence,average,3,ECE
59,python_basics,0.5523,0.5769333333333333,0.4648666666666667,0.5331333333333333,65.96333333333332,1.6666666666666667,Sandra Love,average,3,EEE
60,linear_algebra,0.81,0.7,0.1,0.5,0.2,0.3,Pranjal Agarwal,strong,3,CSE
60,probability,0.7,0.5,0.2,0.4,0.1,0.1,Pranjal Agarwal,strong,3,CSE
60,python_basics,0.6,0.5,0.11,0.6,0.2,0.4,Pranjal Agarwal,strong,3,CSE
60,data_structures,0.7,0.6,0.3,0.6,0.5,0.4,Pranjal Agarwal,strong,3,CSE
60,ai_ml,0.7,0.75,0.2,0.5,0.38,0.44,Pranjal Agarwal,strong,3,CSE
60,databases,0.72,0.76,0.2,0.59,0.39,0.53,Pranjal Agarwal,strong,3,CSE
60,os_concepts,0.7,0.78,0.14,0.63,0.47,0.33,Pranjal Agarwal,strong,3,CSE
60,networking,0.79,0.69,0.13,0.68,0.55,0.25,Pranjal Agarwal,strong,3,CSE
